Key,Press_Time,Release_Time,Dwell_Time,Flight_Time,Outlier,User_Name,Session_Type
enter,261703.7163442,261703.8138325,0.09748830000171438,0.0,False,Sushil,Prose
enter,261703.9343181,261703.9764878,0.04216970002744347,0.1204855999967549,False,Sushil,Prose
enter,261704.0901705,261704.1779334,0.08776289998786524,0.11368270000093617,False,Sushil,Prose
u,261705.0599304,261705.1359682,0.07603779999772087,0.8819969999894965,False,Sushil,Prose
b,261705.2978084,261705.3682593,0.07045090000610799,0.1618402000167407,False,Sushil,Prose
j,261705.5108244,261705.5981055,0.08728109998628497,0.14256509998813272,False,Sushil,Prose
e,261705.6598275,261705.7478568,0.08802930000820197,0.06172200001310557,False,Sushil,Prose
c,261705.8659518,261705.9479367,0.0819848999963142,0.11809499998344108,False,Sushil,Prose
t,261706.0559498,261706.125925,0.06997519999276847,0.10801310001988895,False,Sushil,Prose
space,261706.3596289,261706.4579977,0.09836879998329096,0.23370390001218766,False,Sushil,Prose
:,261707.2110529,261707.3398875,0.12883460000739433,0.7530552000098396,False,Sushil,Prose
U,261707.9398918,261708.0522913,0.1123995000089053,0.6000042999803554,False,Sushil,Prose
r,261708.7225095,261708.7777418,0.05523230001563206,0.670218199986266,False,Sushil,Prose
g,261708.9279499,261709.0058537,0.0779037999745924,0.15020810000714846,False,Sushil,Prose
e,261709.0538194,261709.1458552,0.09203580001485534,0.04796570001053624,False,Sushil,Prose
n,261709.187889,261709.2838229,0.09593390001100488,0.042033799982164055,False,Sushil,Prose
t,261709.4664848,261709.529564,0.06307919998653233,0.18266190000576898,False,Sushil,Prose
space,261709.7701298,261709.8482863,0.0781565000070259,0.24056579999160022,False,Sushil,Prose
u,261710.907928,261710.9696937,0.061765699996612966,1.0596417000051588,False,Sushil,Prose
p,261711.1099362,261711.1858308,0.07589460001327097,0.14024249999783933,False,Sushil,Prose
d,261711.4521854,261711.5301072,0.07792179999523796,0.26635459999670275,False,Sushil,Prose
a,261711.6146427,261711.7201072,0.10546449999674223,0.08453550000558607,False,Sushil,Prose
t,261711.7058116,261711.7937932,0.0879815999942366,0.1757043999969028,False,Sushil,Prose
e,261711.8983137,261711.9596926,0.06137890001991764,0.10452049999730662,False,Sushil,Prose
space,261712.0436521,261712.1276126,0.08396049999282695,0.08395949998521246,False,Sushil,Prose
r,261712.3281139,261712.3859637,0.057849800010444596,0.20050130001618527,False,Sushil,Prose
e,261712.4662513,261712.547709,0.0814576999982819,0.08028759999433532,False,Sushil,Prose
g,261712.5557418,261712.6499346,0.09419279999565333,0.008032799989450723,False,Sushil,Prose
a,261712.7340924,261712.8321782,0.09808580001117662,0.08415780001087114,False,Sushil,Prose
r,261712.8399195,261712.8978975,0.05797799999709241,0.00774129998171702,False,Sushil,Prose
d,261713.0178456,261713.085684,0.06783839999116026,0.11994810000760481,False,Sushil,Prose
i,261713.3156339,261713.3918695,0.07623559999046847,0.22994990000734106,False,Sushil,Prose
n,261713.5320709,261713.604049,0.07197809999343008,0.1402014000050258,False,Sushil,Prose
g,261713.6356464,261713.708014,0.07236759999068454,0.031597400025930256,False,Sushil,Prose
space,261713.7720642,261713.8610874,0.08902320000925101,0.06405019998783246,False,Sushil,Prose
R,261714.9057358,261714.987901,0.08216519997222349,1.0446484000131022,False,Sushil,Prose
e,261715.1361867,261715.2001918,0.06400509999366477,0.14828570000827312,False,Sushil,Prose
v,261715.3897623,261715.4700651,0.0803027999936603,0.18957050002063625,False,Sushil,Prose
i,261715.6738837,261715.7498487,0.07596500002546236,0.20381859998451546,False,Sushil,Prose
r,261715.8523319,261716.1083151,0.25598319998243824,0.1024831999966409,False,Sushil,Prose
w,261715.964156,261716.1707313,0.20657529999152757,0.2143072999897413,False,Sushil,Prose
backspace,261716.485276,261716.5820037,0.09672770000179298,0.3145446999988053,False,Sushil,Prose
backspace,261716.8620029,261716.9462065,0.08420360001036897,0.27999919999274425,False,Sushil,Prose
e,261717.0684018,261717.2808027,0.21240089999628253,0.122195300005842,False,Sushil,Prose
w,261717.1821299,261717.3381592,0.15602930000750348,0.2359234000032302,False,Sushil,Prose
space,261717.3838857,261717.4940898,0.11020409999764524,0.0457264999859035,False,Sushil,Prose
2,261718.1019586,261718.2139801,0.11202150001190603,0.6078687999979593,False,Sushil,Prose
space,261718.3134601,261718.4322962,0.11883609998039901,0.09948000000440516,False,Sushil,Prose
s,261719.4580127,261719.5398316,0.08181890001287684,1.0257165000075474,False,Sushil,Prose
u,261719.6462109,261719.7262903,0.08007939998060465,0.10637930000666529,False,Sushil,Prose
b,261719.8970365,261719.9659881,0.06895159999839962,0.1707462000194937,False,Sushil,Prose
m,261720.4658548,261720.5559556,0.09010080000734888,0.49986669997451827,False,Sushil,Prose
i,261720.7199822,261720.7799561,0.05997390000266023,0.164026600017678,False,Sushil,Prose
s,261720.8947112,261720.951717,0.05700579998665489,0.1147550999885425,False,Sushil,Prose
s,261721.1376907,261721.2239664,0.08627569998498075,0.18597370001953095,False,Sushil,Prose
i,261721.2827312,261721.5082375,0.22550630001933314,0.05876479999278672,False,Sushil,Prose
o,261721.4039381,261721.5278384,0.12390030000824481,0.17997170001035556,False,Sushil,Prose
n,261721.6680386,261721.7719281,0.10388949999469332,0.1402001999958884,False,Sushil,Prose
enter,261722.6781917,261722.8501203,0.17192860000068322,0.9062635999871418,False,Sushil,Prose
D,261723.1580911,261723.2520447,0.09395360000780784,0.3079708000004757,False,Sushil,Prose
e,261723.4097977,261723.4862036,0.07640590000664815,0.15775300000677817,False,Sushil,Prose
a,261723.5720918,261723.6721326,0.10004080002545379,0.08588819997385144,False,Sushil,Prose
r,261723.6903619,261723.7721749,0.08181299999705516,0.018229299981612712,False,Sushil,Prose
space,261723.9852207,261724.0676567,0.08243599999696016,0.2130458000174258,False,Sushil,Prose
p,261724.4923559,261724.5881365,0.09578060000785626,0.42469919999712147,False,Sushil,Prose
r,261724.7874434,261724.8700216,0.0825782000028994,0.1993069000018295,False,Sushil,Prose
o,261724.9096739,261724.9921127,0.08243880001828074,0.03965229997993447,False,Sushil,Prose
backspace,261725.4479154,261725.5325532,0.08463779999874532,0.45580269998754375,False,Sushil,Prose
backspace,261725.6288056,261725.7219212,0.09311560000060126,0.09625239999149926,False,Sushil,Prose
backspace,261726.0677408,261726.2100328,0.14229200000409037,0.3458196000137832,False,Sushil,Prose
P,261726.5757352,261726.6500042,0.0742690000042785,0.3657023999840021,False,Sushil,Prose
r,261726.997675,261727.0939283,0.0962532999983523,0.34767079999437556,False,Sushil,Prose
o,261727.2196625,261727.305976,0.08631350001087412,0.12573420000262558,False,Sushil,Prose
f,261727.7858739,261727.8999317,0.11405780000495724,0.4798978999897372,False,Sushil,Prose
.,261728.9698186,261729.0496493,0.07983070000773296,1.0698868999897968,False,Sushil,Prose
V,261729.4348067,261729.5198257,0.08501899999100715,0.38515740001457743,False,Sushil,Prose
a,261729.8223223,261729.9299834,0.10766110001713969,0.3024965999939013,False,Sushil,Prose
i,261729.9860152,261730.0660016,0.07998640000005253,0.05603179999161512,False,Sushil,Prose
s,261730.3220845,261730.4161773,0.09409280002000742,0.25608289998490363,False,Sushil,Prose
h,261730.4397902,261730.5116708,0.07188060000771657,0.023612899996805936,False,Sushil,Prose
a,261730.5681849,261730.6719898,0.10380489999079145,0.05651409999700263,False,Sushil,Prose
l,261730.6999245,261730.7900384,0.09011390001978725,0.027934699988691136,False,Sushil,Prose
i,261730.9438484,261731.021789,0.07794059999287128,0.15380999998888,False,Sushil,Prose
",",261732.4935685,261732.5618272,0.06825869999011047,1.471779500017874,False,Sushil,Prose
enter,261733.0861901,261733.2060189,0.11982880000141449,0.5243629000033252,False,Sushil,Prose
I,261733.6180358,261733.6940735,0.07603769999695942,0.41201689999434166,False,Sushil,Prose
space,261733.9075896,261733.9938231,0.08623349998379126,0.21351610001875088,False,Sushil,Prose
a,261734.0520799,261734.1835735,0.1314935999980662,0.05825679999543354,False,Sushil,Prose
m,261734.1599301,261734.2297457,0.0698155999998562,0.1661069999972824,False,Sushil,Prose
space,261734.3579322,261734.4380859,0.08015370002249256,0.12818649999098852,False,Sushil,Prose
w,261734.6178795,261734.7276663,0.10978679999243468,0.1797935999929905,False,Sushil,Prose
r,261734.8724199,261734.9501049,0.07768499999656342,0.14475360000506043,False,Sushil,Prose
i,261735.0537972,261735.1398896,0.08609239998622797,0.10369230000651442,False,Sushil,Prose
t,261735.2341208,261735.3240172,0.08989639999344945,0.0942312000261154,False,Sushil,Prose
i,261735.352053,261735.4219627,0.06990969998878427,0.028035800001816824,False,Sushil,Prose
n,261735.5698022,261735.6700302,0.10022799999569543,0.14783950001583435,False,Sushil,Prose
g,261735.7941786,261735.8904658,0.09628720002365299,0.12414839997654781,False,Sushil,Prose
space,261735.9376597,261736.0338977,0.09623799999826588,0.04719389998354018,False,Sushil,Prose
f,261737.0087413,261737.0835115,0.07477020000806078,0.974843600008171,False,Sushil,Prose
o,261737.1499023,261737.2336161,0.08371380000608042,0.0663907999987714,False,Sushil,Prose
r,261737.2459195,261737.3200869,0.07416739998734556,0.012303399998927489,False,Sushil,Prose
m,261737.4064959,261737.5096122,0.1031162999861408,0.08640900001046248,False,Sushil,Prose
a,261737.5817465,261737.6637773,0.08203080002567731,0.0721342999895569,False,Sushil,Prose
l,261737.7039544,261737.7598824,0.05592799998703413,0.04017709998879582,False,Sushil,Prose
l,261737.8322416,261737.9353666,0.10312499999417923,0.07235920001403429,False,Sushil,Prose
y,261738.0927465,261738.1856086,0.09286209999118,0.15737990001798607,False,Sushil,Prose
space,261738.2838049,261738.3938648,0.11005989997647703,0.09819630000856705,False,Sushil,Prose
backspace,261741.6962503,261742.4739562,0.7777058999927249,nan,True,Sushil,Prose
space,261744.6022252,261744.6899413,0.08771609998075292,nan,True,Sushil,Prose
t,261744.7635424,261744.8401886,0.07664620000286959,0.0736011000117287,False,Sushil,Prose
o,261744.8807356,261744.9539292,0.07319360002293251,0.04054699998232536,False,Sushil,Prose
space,261745.1200737,261745.2080501,0.08797639998374507,0.1661444999917876,False,Sushil,Prose
f,261745.2960712,261745.3840612,0.08798999999999069,0.08802110000397079,False,Sushil,Prose
o,261745.454362,261745.5340488,0.07968680001795292,0.07030079999822192,False,Sushil,Prose
r,261745.5536855,261745.6320781,0.0783926000003703,0.019636699988041073,False,Sushil,Prose
m,261745.72228,261745.8184076,0.09612760000163689,0.09020189999137074,False,Sushil,Prose
a,261745.8458219,261745.9399779,0.09415600000647828,0.02741430001333356,False,Sushil,Prose
l,261745.9540556,261746.0058553,0.05179969998425804,0.014077700005145743,False,Sushil,Prose
l,261746.0940643,261746.1716205,0.07755620000534691,0.0882090000086464,False,Sushil,Prose
y,261746.3135796,261746.4321708,0.11859119997825474,0.14195910000125878,False,Sushil,Prose
space,261746.4520848,261746.5378934,0.08580860000802204,0.01991400000406429,False,Sushil,Prose
s,261746.6582442,261746.7621188,0.1038745999976527,0.12035079998895526,False,Sushil,Prose
u,261746.7401079,261746.8082803,0.0681724000023678,0.20221449999371544,False,Sushil,Prose
m,261747.6678785,261747.7619814,0.09410289998049848,0.8595982000115328,False,Sushil,Prose
i,261747.9141346,261747.9898997,0.07576510001672432,0.1521532000042498,False,Sushil,Prose
t,261748.0918361,261748.1821028,0.09026669999002479,0.10193639999488369,False,Sushil,Prose
space,261748.2159365,261748.3240897,0.10815320000983775,0.03383369999937713,False,Sushil,Prose
t,261749.4160422,261749.4718067,0.05576449999352917,1.0919524999917485,False,Sushil,Prose
h,261749.6225711,261749.6998188,0.07724770001368597,0.15076439999393187,False,Sushil,Prose
e,261749.7199576,261749.7921553,0.07219770000665449,0.020138799998676404,False,Sushil,Prose
space,261749.8629442,261749.9397848,0.07684059999883175,0.07078889998956583,False,Sushil,Prose
u,261750.1398312,261750.2078798,0.06804859999101609,0.20004640001570806,False,Sushil,Prose
p,261750.3331546,261750.4138652,0.08071060001384467,0.12527479999698699,False,Sushil,Prose
d,261750.6400957,261750.7183588,0.07826310000382364,0.22623049997491762,False,Sushil,Prose
a,261750.7581578,261750.8798997,0.1217418999876827,0.03979900002013892,False,Sushil,Prose
t,261750.8359068,261750.9119745,0.07606769999256358,0.1175480000092648,False,Sushil,Prose
e,261751.0143603,261751.0796047,0.06524440000066534,0.10238580001168884,False,Sushil,Prose
d,261751.2234439,261751.291888,0.06844410000485368,0.14383919999818318,False,Sushil,Prose
space,261751.3839673,261751.4740081,0.09004079998703673,0.09207929999683984,False,Sushil,Prose
d,261752.022468,261752.0979983,0.07553030000417493,0.5484599000192247,False,Sushil,Prose
a,261752.1901019,261752.2938774,0.103775499999756,0.09210359997814521,False,Sushil,Prose
t,261752.3058023,261752.3760932,0.07029090001014993,0.011924899998120964,False,Sushil,Prose
a,261752.4458242,261752.495673,0.04984880000120029,0.06973099999595433,False,Sushil,Prose
space,261752.7429391,261752.8161243,0.07318520001717843,0.24726609999197535,False,Sushil,Prose
a,261753.8601483,261753.9764003,0.11625199997797608,1.044024000002537,False,Sushil,Prose
c,261754.8441792,261754.9398988,0.09571959997992963,0.8677789000212215,False,Sushil,Prose
q,261755.3980493,261755.4679493,0.06989999997313134,0.4581505000242032,False,Sushil,Prose
u,261755.604092,261755.7598616,0.15576960000908002,0.1361427000083495,False,Sushil,Prose
i,261755.7338056,261755.8279965,0.09419090001028962,0.2658563000150025,False,Sushil,Prose
s,261756.0422102,261756.3018881,0.25967790000140667,0.21421369997551665,False,Sushil,Prose
a,261756.2188943,261756.3780236,0.15912930000922643,0.390897799981758,False,Sushil,Prose
t,261756.3361285,261756.4218497,0.08572120001190342,0.03424040001118556,False,Sushil,Prose
o,261756.6984466,261756.7996596,0.10121299998718314,0.27659689998836257,False,Sushil,Prose
i,261756.6161974,261756.809551,0.19335360001423396,0.19434769998770207,False,Sushil,Prose
n,261756.9460882,261757.0279967,0.08190849999664351,0.13653719998546876,False,Sushil,Prose
space,261757.1570652,261757.2377882,0.08072299999184906,0.12906850001309067,False,Sushil,Prose
l,261758.799772,261758.8826949,0.08292290000827052,1.5619837999984156,False,Sushil,Prose
o,261759.0126547,261759.0843193,0.0716645999928005,0.12995979998959228,False,Sushil,Prose
g,261759.3239668,261759.4138182,0.08985140000004321,0.2396475000132341,False,Sushil,Prose
s,261759.6312046,261759.7396396,0.10843500000191852,0.2173864000069443,False,Sushil,Prose
space,261759.8120423,261759.9100785,0.09803619998274371,0.07240269999601878,False,Sushil,Prose
f,261760.7057582,261760.7782513,0.07249310001498088,0.795679700007895,False,Sushil,Prose
o,261760.8538871,261760.938081,0.08419389999471605,0.07563579999259673,False,Sushil,Prose
r,261760.9498902,261761.0362,0.08630980001180433,0.011809199990238994,False,Sushil,Prose
space,261761.127955,261761.208231,0.08027599999331869,0.09175500000128523,False,Sushil,Prose
o,261761.3496737,261761.4262753,0.07660160001250915,0.1414426999981515,False,Sushil,Prose
u,261761.5360187,261761.5960975,0.06007880001561716,0.1097433999821078,False,Sushil,Prose
r,261761.6797823,261761.7740176,0.09423529999912716,0.08368479998898692,False,Sushil,Prose
space,261761.8414858,261761.9299562,0.0884704000200145,0.06746819999534637,False,Sushil,Prose
S,261704.768751,261763.1100016,58.34125060000224,0.5908175999938976,False,Sushil,Prose
e,261763.23797,261763.3059999,0.06802990002324805,0.12796839998918585,False,Sushil,Prose
c,261763.4860199,261763.5659917,0.07997179997619241,0.1800199999997858,False,Sushil,Prose
u,261763.8001262,261763.8779448,0.0778186000243295,0.23413450000225566,False,Sushil,Prose
r,261764.0701592,261764.1359814,0.06582220000564121,0.19221439998364076,False,Sushil,Prose
e,261764.2001035,261764.2820029,0.08189939998555928,0.06412210001144558,False,Sushil,Prose
F,261764.6582758,261764.7301394,0.0718635999946855,0.37627290000091307,False,Sushil,Prose
l,261764.9761414,261765.06003,0.08388859999831766,0.24600199999986216,False,Sushil,Prose
o,261765.1840493,261765.2401463,0.05609699999331497,0.12401930001215078,False,Sushil,Prose
w,261765.3260361,261765.4120568,0.08602069999324158,0.08588980001513846,False,Sushil,Prose
space,261765.5025497,261765.5719921,0.06944240001030266,0.0904928999952972,False,Sushil,Prose
p,261766.5300733,261766.617867,0.08779369998956099,0.9580811999912839,False,Sushil,Prose
r,261766.7698874,261766.8460048,0.0761173999926541,0.15202040001167916,False,Sushil,Prose
o,261766.893794,261766.9024023,0.008608300006017089,0.04778920000535436,False,Sushil,Prose
j,261767.184019,261767.2661849,0.08216590000665747,0.281616699998267,False,Sushil,Prose
e,261767.3762591,261767.4539935,0.0777343999943696,0.11007419999805279,False,Sushil,Prose
c,261767.5079583,261767.6160628,0.10810449998825788,0.0539647999976296,False,Sushil,Prose
t,261767.6658851,261767.7363536,0.07046849999460392,0.04982230000314303,False,Sushil,Prose
.,261768.5683011,261768.6821917,0.11389060001238249,0.8319475000025705,False,Sushil,Prose
e,261769.3180494,261769.4121174,0.09406800000579096,0.6358576999919023,False,Sushil,Prose
space,261769.5079518,261769.5875915,0.07963969997945242,0.09583440001006238,False,Sushil,Prose
h,261769.7159092,261769.7921373,0.07622810002067126,0.12831770000047982,False,Sushil,Prose
a,261769.8059555,261769.9041715,0.09821600001305342,0.013818199979141355,False,Sushil,Prose
v,261769.9291277,261769.9958412,0.06671350001124665,0.02495619998080656,False,Sushil,Prose
e,261770.0399901,261770.1219284,0.0819383000198286,0.04414889999316074,False,Sushil,Prose
space,261770.1859452,261770.2816883,0.09574309998424724,0.06401679999544285,False,Sushil,Prose
s,261771.1138571,261771.2238053,0.10994819999905303,0.8321687999996357,False,Sushil,Prose
u,261771.3280836,261771.4100187,0.08193509999546222,0.10427830001572147,False,Sushil,Prose
c,261771.6559966,261771.7498618,0.09386520000407472,0.24597789999097586,False,Sushil,Prose
c,261772.3114148,261772.3900912,0.07867640000768006,0.5615530000068247,False,Sushil,Prose
e,261772.5860091,261772.7156261,0.1296169999986887,0.19591789998230524,False,Sushil,Prose
s,261772.8684067,261772.9301422,0.06173549999948591,0.15278060000855476,False,Sushil,Prose
s,261773.0420905,261773.1281318,0.08604130000458099,0.11194830000749789,False,Sushil,Prose
f,261773.4114285,261773.4982976,0.08686909999232739,0.28329669998493046,False,Sushil,Prose
u,261773.6197887,261773.7000843,0.08029560002614744,0.12149109999882057,False,Sushil,Prose
l,261773.8499429,261773.9322952,0.08235229999991134,0.1498585999943316,False,Sushil,Prose
l,261774.0057499,261774.0744931,0.06874319998314604,0.07345470000291243,False,Sushil,Prose
y,261774.236004,261774.3100197,0.07401569999638014,0.16151090001221746,False,Sushil,Prose
space,261774.6941062,261774.7801221,0.08601589998579584,0.384086500009289,False,Sushil,Prose
c,261775.0439794,261775.1359571,0.0919776999799069,0.26385730001493357,False,Sushil,Prose
o,261775.2226458,261775.2858115,0.06316570000490174,0.08668870001565665,False,Sushil,Prose
m,261775.430563,261775.5020265,0.0714635000040289,0.14475149998907,False,Sushil,Prose
p,261775.6359832,261775.708056,0.07207280001603067,0.13395669998135418,False,Sushil,Prose
l,261775.7823327,261775.8599367,0.0776039999909699,0.07427670000470243,False,Sushil,Prose
e,261775.9278282,261776.0139585,0.0861303000128828,0.06789149998803623,False,Sushil,Prose
t,261776.0780955,261776.1538963,0.07580079999752343,0.06413700000848621,False,Sushil,Prose
e,261776.1380335,261776.2419813,0.10394780000206083,0.1240749999997206,False,Sushil,Prose
d,261776.3658935,261776.4599531,0.09405960000003688,0.12391220001154579,False,Sushil,Prose
space,261776.5140507,261776.6099217,0.09587099999771453,0.05409759999020025,False,Sushil,Prose
t,261777.4184297,261777.4739929,0.05556320000323467,0.8085079999873415,False,Sushil,Prose
h,261777.6206207,261777.6917057,0.07108500000322238,0.14662780001526698,False,Sushil,Prose
e,261777.6640793,261777.7484028,0.08432349999202415,0.19008640001993626,False,Sushil,Prose
space,261777.8560123,261777.9320321,0.07601980000617914,0.10760950000258163,False,Sushil,Prose
h,261778.0779918,261778.1440384,0.06604659999720752,0.14595969999209046,False,Sushil,Prose
a,261778.2320296,261778.3161082,0.08407859998987988,0.08799120000912808,False,Sushil,Prose
r,261778.3500961,261778.4139974,0.06390129998908378,0.03398790000937879,False,Sushil,Prose
d,261778.5459245,261778.6240565,0.07813199999509379,0.13192710001021624,False,Sushil,Prose
w,261778.6936789,261778.7760982,0.08241930001531728,0.06962239998392761,False,Sushil,Prose
a,261778.9125151,261779.0187975,0.10628239999641664,0.13641690000076778,False,Sushil,Prose
r,261778.9961371,261779.0700309,0.07389379999949597,0.22003890000632964,False,Sushil,Prose
e,261779.1721524,261779.2359165,0.06376410002121702,0.10212149997823872,False,Sushil,Prose
space,261779.3363383,261779.4398235,0.10348520000115968,0.10042179998708889,False,Sushil,Prose
i,261780.5559404,261780.6619391,0.10599870001897216,1.116116899996996,False,Sushil,Prose
n,261780.7998956,261780.8880655,0.08816990000195801,0.1379564999951981,False,Sushil,Prose
t,261781.0553537,261781.1159852,0.06063150000409223,0.16728819999843836,False,Sushil,Prose
e,261781.1719372,261781.2560314,0.08409419999225065,0.055951999995158985,False,Sushil,Prose
g,261781.2759576,261781.3561137,0.08015609998255968,0.01992620000964962,False,Sushil,Prose
r,261781.5080743,261781.5762338,0.06815949999145232,0.15196060002199374,False,Sushil,Prose
a,261781.607954,261781.7140191,0.10606510000070557,0.031720200000563636,False,Sushil,Prose
t,261781.7319568,261781.8140919,0.08213510000496171,0.01793770000222139,False,Sushil,Prose
i,261782.024218,261782.2122405,0.188022499991348,0.21012609999161214,False,Sushil,Prose
o,261782.1149515,261782.2297841,0.11483259999658912,0.3008595999854151,False,Sushil,Prose
n,261782.3598908,261782.4521721,0.09228129999246448,0.1301067000022158,False,Sushil,Prose
space,261782.589998,261782.6798409,0.08984289999352768,0.13782590001937933,False,Sushil,Prose
p,261783.6355809,261783.7079038,0.07232289999956265,0.9557400000048801,False,Sushil,Prose
h,261784.3620417,261784.4360497,0.0740079999959562,0.654137899982743,False,Sushil,Prose
a,261784.4759358,261784.5861805,0.11024469998665154,0.03988610001397319,False,Sushil,Prose
s,261784.6923631,261784.7819873,0.08962419998715632,0.10618260002229363,False,Sushil,Prose
e,261784.9060662,261784.9842681,0.07820190000347793,0.1240789000003133,False,Sushil,Prose
m,261785.129977,261785.2320523,0.10207530000479892,0.14570890000322834,False,Sushil,Prose
backspace,261785.6161021,261785.6921262,0.07602410000981763,0.3840497999917716,False,Sushil,Prose
",",261785.8839313,261785.9599777,0.07604640000499785,0.19180509998113848,False,Sushil,Prose
space,261786.1857549,261786.2519286,0.0661736999754794,0.22577720001572743,False,Sushil,Prose
a,261786.2758447,261786.3979957,0.12215100001776591,0.02391610000631772,False,Sushil,Prose
n,261786.4138344,261786.4920504,0.07821599999442697,0.015838699997402728,False,Sushil,Prose
d,261786.5541757,261786.6299385,0.07576279999921098,0.06212529999902472,False,Sushil,Prose
space,261786.643752,261786.735844,0.09209200000623241,0.013813500001560897,False,Sushil,Prose
t,261788.0581305,261788.1281506,0.07002010001451708,1.3222864999843296,False,Sushil,Prose
h,261788.2719497,261788.3577628,0.08581310001318343,0.1437990999838803,False,Sushil,Prose
e,261788.3359623,261788.4220334,0.08607109999866225,0.20781170000554994,False,Sushil,Prose
space,261788.511882,261788.6039952,0.09211320002214052,0.08984859997872263,False,Sushil,Prose
E,261788.9001642,261788.9639676,0.06380340000032447,0.2961689999792725,False,Sushil,Prose
S,261789.0920434,261789.1680253,0.07598189997952431,0.12807580002117902,False,Sushil,Prose
P,261789.448147,261789.5240767,0.07592970001860522,0.2801216999941971,False,Sushil,Prose
3,261789.9023023,261789.9639529,0.06165059999329969,0.3782255999976769,False,Sushil,Prose
2,261790.0059102,261790.1020141,0.09610389999579638,0.04195730001083575,False,Sushil,Prose
space,261790.3586284,261790.4539435,0.09531510001397692,0.256614299985813,False,Sushil,Prose
i,261791.0139595,261791.085978,0.07201849998091348,0.5600160000030883,False,Sushil,Prose
s,261791.1860367,261791.28389,0.09785329998703673,0.10005870001623407,False,Sushil,Prose
space,261791.3459932,261791.4338606,0.08786739999777637,0.0621032000053674,False,Sushil,Prose
c,261791.515605,261791.5799338,0.06432880001375452,0.08174439999856986,False,Sushil,Prose
o,261791.6419287,261791.7198154,0.07788669998990372,0.06199489999562502,False,Sushil,Prose
r,261791.9081585,261791.9600246,0.05186609999509528,0.18834310001693666,False,Sushil,Prose
r,261792.0359354,261792.1101201,0.07418470000266097,0.07591079999110661,False,Sushil,Prose
e,261792.1707319,261792.2561811,0.08544920000713319,0.060611799999605864,False,Sushil,Prose
c,261792.2817725,261792.3638382,0.08206570000038482,0.025591399986296892,False,Sushil,Prose
t,261792.4813925,261792.5380479,0.05665539999608882,0.11755429999902844,False,Sushil,Prose
l,261792.9621265,261793.058242,0.09611549999681301,0.42407860001549125,False,Sushil,Prose
y,261793.2514754,261793.3220962,0.07062079999013804,0.1932334000011906,False,Sushil,Prose
space,261793.5257693,261793.6188425,0.09307319999788888,0.20367310001165606,False,Sushil,Prose
g,261795.7964758,261795.8582017,0.061725900013698265,nan,True,Sushil,Prose
e,261795.9510582,261796.0357511,0.08469289998174645,0.0928565000067465,False,Sushil,Prose
n,261796.081613,261796.177629,0.09601600002497435,0.04586189999827184,False,Sushil,Prose
e,261796.1794704,261796.2561233,0.07665289999567904,0.0018413999932818115,False,Sushil,Prose
r,261796.3698746,261796.4462129,0.07633829998667352,0.11375129999942146,False,Sushil,Prose
a,261796.4881917,261796.6026555,0.11446380001143552,0.04197879999992438,False,Sushil,Prose
t,261796.5985314,261796.6779734,0.07944199998746626,0.15231850001146086,False,Sushil,Prose
i,261796.8481735,261796.938168,0.08999449998373166,0.17020010002306662,False,Sushil,Prose
n,261797.070047,261797.1698909,0.0998439000104554,0.13187899999320507,False,Sushil,Prose
g,261797.3279317,261797.4019464,0.07401469998876564,0.15804080001544207,False,Sushil,Prose
space,261797.6162253,261797.7208519,0.10462659999029711,0.21427890000632033,False,Sushil,Prose
t,261798.2899048,261798.3581236,0.06821879997733049,0.5690529000130482,False,Sushil,Prose
e,261798.4821712,261798.5879091,0.10573789998306893,0.12404760002391413,False,Sushil,Prose
h,261798.5018051,261798.5936672,0.09186210000189021,0.14368150001973845,False,Sushil,Prose
space,261798.7628872,261798.855907,0.09301979999872856,0.16921999998157844,False,Sushil,Prose
H,261799.081731,261799.1518673,0.07013629999710247,0.22582400002283975,False,Sushil,Prose
M,261799.3210782,261799.4080074,0.08692919998429716,0.16921089999959804,False,Sushil,Prose
A,261799.4844653,261799.5963192,0.11185390001628548,0.07645789999514818,False,Sushil,Prose
Z,261799.8649296,261799.944223,0.07929339999100193,0.2686104000022169,False,Sushil,Prose
backspace,261800.6442168,261800.7663574,0.12214059999678284,0.6999937999935355,False,Sushil,Prose
C,261801.3803327,261801.4942647,0.11393200000748038,0.6139753000170458,False,Sushil,Prose
-,261802.4002201,261802.4800424,0.07982230000197887,0.9059553999977652,False,Sushil,Prose
S,261803.160082,261803.2368478,0.07676580001134425,0.6800395999744069,False,Sushil,Prose
H,261803.3277997,261803.4038146,0.07601489999797195,0.09095189999789,False,Sushil,Prose
A,261803.4377894,261803.5501577,0.11236830000416376,0.03397479999694042,False,Sushil,Prose
2,261803.9439775,261804.0419701,0.09799259999999776,0.39381979999598116,False,Sushil,Prose
5,261804.3040718,261804.3662921,0.06222029999480583,0.2621017000055872,False,Sushil,Prose
6,261804.5100425,261804.5963005,0.08625799999572337,0.1437504000205081,False,Sushil,Prose
space,261805.4999311,261805.600063,0.10013189999153838,0.9036305999907199,False,Sushil,Prose
r,261806.1241468,261806.3079783,0.1838315000059083,0.5240838000026997,False,Sushil,Prose
e,261806.220033,261806.3609965,0.14096350001636893,0.6199699999997392,False,Sushil,Prose
s,261806.497576,261806.5977619,0.10018589999526739,0.1365794999874197,False,Sushil,Prose
p,261806.5899969,261806.6659051,0.07590820000041276,0.22900039999512956,False,Sushil,Prose
o,261806.7946383,261806.8719381,0.07729980000294745,0.1287331999919843,False,Sushil,Prose
n,261807.0180912,261807.0982938,0.08020259998738766,0.14615310000954196,False,Sushil,Prose
s,261807.1318364,261807.2380521,0.10621570001239888,0.033542599994689226,False,Sushil,Prose
e,261807.3545502,261807.4542552,0.09970500000054017,0.11649809998925775,False,Sushil,Prose
.,261808.2122261,261808.3040043,0.09177820000331849,0.7579709000128787,False,Sushil,Prose
h,261808.8216086,261808.9007066,0.07909799998742528,0.5176042999955826,False,Sushil,Prose
e,261808.9954181,261809.0817209,0.0863027999876067,0.09471150001627393,False,Sushil,Prose
space,261809.0957018,261809.1718277,0.07612589999916963,0.013980899995658547,False,Sushil,Prose
n,261809.3118658,261809.3900851,0.07821929999045096,0.14003810001304373,False,Sushil,Prose
e,261809.5158345,261809.607933,0.09209849999751896,0.12574940000195056,False,Sushil,Prose
x,261810.1461076,261810.2240523,0.07794469999498688,0.5381746000202838,False,Sushil,Prose
t,261810.3278964,261810.4319334,0.10403699998278171,0.10384409999824129,False,Sushil,Prose
space,261810.6459467,261810.7481373,0.10219059998053126,0.21401330002117902,False,Sushil,Prose
m,261811.8324343,261811.9181945,0.08576019998872653,1.0842970000230707,False,Sushil,Prose
i,261812.0582185,261812.1118846,0.053666099993279204,0.14002399999299087,False,Sushil,Prose
l,261812.2439172,261812.3421421,0.09822490002261475,0.13203259999863803,False,Sushil,Prose
e,261812.3760238,261812.4600622,0.08403840000391938,0.03388169998652302,False,Sushil,Prose
s,261812.5902383,261812.6980564,0.10781809999025427,0.1301761000067927,False,Sushil,Prose
t,261812.7338535,261812.7940121,0.06015860001207329,0.03579709999030456,False,Sushil,Prose
o,261812.9700596,261813.0518588,0.08179920000839047,0.17604749999009073,False,Sushil,Prose
n,261813.2142563,261813.2857668,0.0715104999835603,0.16239750001113862,False,Sushil,Prose
e,261813.352065,261813.4419651,0.08990009999251924,0.06629820002126507,False,Sushil,Prose
space,261814.3104976,261814.390049,0.07955140000558458,0.8685324999969453,False,Sushil,Prose
i,261814.6201354,261814.7079956,0.08786020000115968,0.2300863999989815,False,Sushil,Prose
n,261814.8873569,261814.9681429,0.08078600000590086,0.17936129998997785,False,Sushil,Prose
v,261815.3598399,261815.4599615,0.10012160000042059,0.39169699998456053,False,Sushil,Prose
o,261815.494024,261815.5518659,0.05784189997939393,0.03406250002444722,False,Sushil,Prose
l,261815.678083,261815.764215,0.08613199999672361,0.1262171000125818,False,Sushil,Prose
v,261815.9798842,261816.0541113,0.07422710000537336,0.21566919999895617,False,Sushil,Prose
e,261816.0597557,261816.152282,0.09252629999537021,0.005644399992888793,False,Sushil,Prose
s,261816.2878683,261816.385903,0.0980347000004258,0.1355862999917008,False,Sushil,Prose
space,261817.0380692,261817.1481354,0.1100661999953445,0.6521662000159267,False,Sushil,Prose
f,261817.552368,261817.6600017,0.10763369998312555,0.40423260000534356,False,Sushil,Prose
i,261817.7028198,261817.7821615,0.079341700009536,0.04281810001702979,False,Sushil,Prose
n,261817.9242003,261818.0106971,0.08649679998052306,0.14203879999695346,False,Sushil,Prose
a,261818.0760145,261818.1718695,0.09585499999229796,0.06531740000355057,False,Sushil,Prose
l,261818.1817104,261818.25813,0.07641959999455139,0.00984090002020821,False,Sushil,Prose
i,261818.4299539,261818.5039189,0.07396500001777895,0.17182389998924918,False,Sushil,Prose
z,261818.6819418,261818.8038979,0.1219561000179965,0.17802289998508058,False,Sushil,Prose
i,261818.8676481,261818.9399652,0.07231710001360625,0.06375019997358322,False,Sushil,Prose
n,261819.0738282,261819.166021,0.09219280001707375,0.1338629999954719,False,Sushil,Prose
g,261819.229779,261819.3117706,0.08199160001822747,0.06375799997476861,False,Sushil,Prose
space,261819.3458421,261819.4438516,0.09800949998316355,0.03407150000566617,False,Sushil,Prose
t,261820.8800826,261820.9420942,0.062011600006371737,1.4362309999996796,False,Sushil,Prose
h,261821.0823274,261821.1596778,0.07735039998078719,0.14023320001433603,False,Sushil,Prose
e,261821.1421463,261821.2301962,0.08804989999043755,0.200052100000903,False,Sushil,Prose
space,261821.3240653,261821.4041784,0.08011310000438243,0.09386910000466742,False,Sushil,Prose
P,261821.791889,261821.8638798,0.07199080000282265,0.38771059998543933,False,Sushil,Prose
a,261822.1960662,261822.2855984,0.08953219998511486,0.33218640001723543,False,Sushil,Prose
n,261822.3480928,261822.419916,0.0718232000072021,0.0624944000155665,False,Sushil,Prose
d,261822.6718736,261822.7581705,0.08629690000088885,0.2519575999758672,False,Sushil,Prose
a,261822.9201971,261823.1199372,0.19974010001169518,0.16202660000999458,False,Sushil,Prose
s,261823.0918951,261823.2003512,0.10845610001706518,0.33372460000100546,False,Sushil,Prose
space,261823.6623356,261823.7709027,0.10856709998915903,0.46198439999716356,False,Sushil,Prose
f,261824.0940406,261824.167764,0.07372340001165867,0.32313790000625886,False,Sushil,Prose
e,261824.2000137,261824.2778774,0.07786369998939335,0.03224969998700544,False,Sushil,Prose
a,261824.4220884,261824.5237812,0.10169280000263825,0.14421100000618026,False,Sushil,Prose
t,261824.5317951,261824.5977672,0.06597210001200438,0.00801389999105595,False,Sushil,Prose
u,261824.7460972,261824.8299202,0.08382299999357201,0.14832999999634922,False,Sushil,Prose
r,261824.9679938,261825.0403801,0.07238629998755641,0.13807360001374036,False,Sushil,Prose
e,261825.0998766,261825.1680305,0.06815390000701882,0.0594965000054799,False,Sushil,Prose
space,261826.4199792,261826.4898569,0.06987770000705495,1.2519486999954097,False,Sushil,Prose
e,261826.7073969,261826.798036,0.09063910000259057,0.21753999998327345,False,Sushil,Prose
x,261826.9948987,261827.0763404,0.08144169999286532,0.1968627000169363,False,Sushil,Prose
t,261827.2338104,261827.3117604,0.07795000000623986,0.15747000000556,False,Sushil,Prose
r,261827.4005319,261827.4718734,0.07134150000638328,0.08877149998443201,False,Sushil,Prose
a,261827.5521059,261827.6319611,0.07985520001966506,0.08023249998223037,False,Sushil,Prose
c,261827.6579929,261827.7379607,0.0799678000039421,0.02603179999277927,False,Sushil,Prose
t,261827.9119779,261827.977953,0.06597510000574403,0.1740171999845188,False,Sushil,Prose
i,261828.1920676,261828.3981773,0.20610969999688677,0.21411460000672378,False,Sushil,Prose
o,261828.2798698,261828.4120977,0.13222790000145324,0.3019168000028003,False,Sushil,Prose
n,261828.5482801,261828.6256905,0.07741040000109933,0.13618239999050274,False,Sushil,Prose
space,261828.7694666,261828.8439181,0.07445149999693967,0.14377610001247376,False,Sushil,Prose
p,261829.0400504,261829.1183191,0.07826869998825714,0.19613230001414195,False,Sushil,Prose
i,261829.2301616,261829.3081076,0.07794600000488572,0.11184249998768792,False,Sushil,Prose
p,261829.476035,261829.5256639,0.04962890001479536,0.16792740000528283,False,Sushil,Prose
e,261830.1098306,261830.2010211,0.0911904999811668,0.5841666999913286,False,Sushil,Prose
l,261830.4121025,261830.4921225,0.08001999999396503,0.21108140001888387,False,Sushil,Prose
i,261830.6160248,261830.6879928,0.07196800000383519,0.12390229999436997,False,Sushil,Prose
n,261830.8305892,261830.9040266,0.07343740001670085,0.14259639999363571,False,Sushil,Prose
e,261830.9199087,261831.0018814,0.0819727000198327,0.015882099978625774,False,Sushil,Prose
.,261832.203797,261832.2760387,0.07224169999244623,1.2019155999878421,False,Sushil,Prose
h,261832.9552777,261833.0299213,0.07464360000449233,0.6792390000191517,False,Sushil,Prose
r,261833.171972,261833.2697483,0.09777629998279735,0.14205070000025444,False,Sushil,Prose
u,261833.3771748,261833.4558914,0.07871659999364056,0.1074265000061132,False,Sushil,Prose
t,261833.6300456,261833.6981108,0.06806520000100136,0.17415420000907034,False,Sushil,Prose
i,261833.8823686,261833.9457995,0.06343090001610108,0.18425779999233782,False,Sushil,Prose
space,261834.1199121,261834.2076867,0.08777460001874715,0.17411259998334572,False,Sushil,Prose
a,261834.3159992,261834.4518107,0.13581150001846254,0.10831249997136183,False,Sushil,Prose
n,261834.4251245,261834.485758,0.06063349999021739,0.21743779999087565,False,Sushil,Prose
d,261834.6122865,261834.6981204,0.08583389999694191,0.12652849999722093,False,Sushil,Prose
space,261834.7339474,261834.8200056,0.08605819998774678,0.0358270000142511,False,Sushil,Prose
A,261835.1260709,261835.2318567,0.1057857999985572,0.30606530001387,False,Sushil,Prose
N,261835.2598177,261835.3358004,0.07598270001471974,0.0279609999852255,False,Sushil,Prose
K,261835.42611,261835.5139666,0.08785660000285134,0.09030959999654442,False,Sushil,Prose
I,261835.6442041,261835.7279567,0.08375259998138063,0.1302375000086613,False,Sushil,Prose
backspace,261836.1820959,261836.2479766,0.06588069998542778,0.4541392000101041,False,Sushil,Prose
backspace,261836.3338998,261836.4262673,0.09236750000854954,0.08592320000752807,False,Sushil,Prose
backspace,261836.5236343,261836.6002425,0.07660819997545332,0.09736700000939891,False,Sushil,Prose
n,261837.1521349,261837.2220976,0.06996269998489879,0.5518924000207335,False,Sushil,Prose
k,261837.3380501,261837.4123124,0.07426230001146905,0.11595249999663793,False,Sushil,Prose
i,261837.5600247,261837.609998,0.04997329998877831,0.1477123000076972,False,Sushil,Prose
t,261837.882235,261837.9598957,0.07766070001525804,0.2722369999974035,False,Sushil,Prose
space,261838.9539014,261839.0582399,0.10433850000845268,0.9940056999912485,False,Sushil,Prose
h,261839.2696476,261839.3461324,0.07648479999625124,0.21140770000056364,False,Sushil,Prose
a,261839.3624401,261839.4821325,0.1196924000105355,0.016307699988828972,False,Sushil,Prose
v,261839.5137932,261839.5799183,0.06612510001286864,0.03166069998405874,False,Sushil,Prose
e,261839.643885,261839.7100223,0.06613729998935014,0.06396669999230653,False,Sushil,Prose
space,261839.7479096,261839.8279644,0.08005479999701492,0.03788730001542717,False,Sushil,Prose
v,261840.1100447,261840.1881166,0.07807190000312403,0.28208030000678264,False,Sushil,Prose
e,261840.2400347,261840.3198592,0.07982450001873076,0.05191809998359531,False,Sushil,Prose
r,261840.3899976,261840.455776,0.06577839999226853,0.07013839998398907,False,Sushil,Prose
i,261840.6999978,261840.7881045,0.08810670001548715,0.24422180000692606,False,Sushil,Prose
f,261841.068284,261841.1341245,0.06584049999946728,0.2801794999977574,False,Sushil,Prose
i,261841.3499719,261841.4401376,0.09016570000676438,0.21584739998797886,False,Sushil,Prose
e,261841.4740648,261841.5640706,0.09000580001156777,0.0339271999837365,False,Sushil,Prose
d,261841.6861086,261841.7901739,0.10406529999454506,0.12203800000133924,False,Sushil,Prose
space,261843.8141434,261843.9338898,0.11974640001426451,nan,True,Sushil,Prose
t,261844.3001462,261844.3680021,0.06785590000799857,0.366256399982376,False,Sushil,Prose
h,261844.5001641,261844.5856275,0.08546339999884367,0.13216199999442324,False,Sushil,Prose
e,261844.5739706,261844.6639094,0.08993879999616183,0.20596849999856204,False,Sushil,Prose
space,261844.7533185,261844.8443345,0.0910159999912139,0.08940910000819713,False,Sushil,Prose
a,261844.9278334,261845.0422193,0.1143859000003431,0.0834988999995403,False,Sushil,Prose
u,261845.0453502,261845.1099703,0.06462009999086149,0.0031309000041801482,False,Sushil,Prose
t,261845.2738931,261845.360141,0.08624790000612848,0.163922800013097,False,Sushil,Prose
o,261845.4421929,261845.5109283,0.06873540001106448,0.0820518999826163,False,Sushil,Prose
space,261845.7379231,261845.8240225,0.08609939998132177,0.22699480000301264,False,Sushil,Prose
w,261845.9786566,261846.0700865,0.09142989999963902,0.15463410000666045,False,Sushil,Prose
i,261846.1058817,261846.1781378,0.07225609998567961,0.03579520000494085,False,Sushil,Prose
p,261846.3659324,261846.439925,0.07399260002421215,0.1877946000022348,False,Sushil,Prose
e,261846.5680716,261846.6381352,0.07006359999650158,0.12814659997820854,False,Sushil,Prose
space,261846.7044589,261846.7901314,0.08567249999032356,0.06632370001170784,False,Sushil,Prose
f,261847.1116798,261847.189805,0.0781252000015229,0.3215484000102151,False,Sushil,Prose
e,261847.1796421,261847.2616422,0.08200009999563918,0.38951070001348853,False,Sushil,Prose
a,261847.4079248,261847.5368406,0.12891579998540692,0.14628260000608861,False,Sushil,Prose
t,261847.4740556,261847.5560603,0.08200470000156201,0.2124134000041522,False,Sushil,Prose
u,261847.6819846,261847.7764248,0.09444019998773001,0.12592429999494925,False,Sushil,Prose
r,261847.9037165,261847.9679984,0.06428190000588074,0.12729170001694,False,Sushil,Prose
e,261848.0517856,261848.1120003,0.060214700002688915,0.08378719998290762,False,Sushil,Prose
backspace,261849.2797342,261849.3780245,0.09829029999673367,1.1677339000161737,False,Sushil,Prose
backspace,261849.4519957,261849.5439975,0.09200180001789704,0.07397119997767732,False,Sushil,Prose
backspace,261849.6119156,261849.8238332,0.21191760001238436,0.06791809998685494,False,Sushil,Prose
backspace,261849.9379133,261850.0221423,0.08422900000005029,0.11408010000013746,False,Sushil,Prose
backspace,261850.1067536,261850.1720806,0.06532699998933822,0.08461130000068806,False,Sushil,Prose
backspace,261850.2618103,261850.3301371,0.06832680001389235,0.08972970000468194,False,Sushil,Prose
u,261850.8880724,261850.9438115,0.05573910000384785,0.5579352999920957,False,Sushil,Prose
n,261851.1379188,261851.2099354,0.07201659999554977,0.19410729999071918,False,Sushil,Prose
c,261851.4618629,261851.5198037,0.05794080000487156,0.2519275000086054,False,Sushil,Prose
t,261851.703995,261851.7860205,0.08202550001442432,0.18419129998073913,False,Sushil,Prose
i,261851.8859443,261852.0620945,0.17615019998629577,0.09992380000767298,False,Sushil,Prose
o,261851.9859975,261852.0801536,0.0941560999781359,0.19997700001113117,False,Sushil,Prose
n,261852.2057569,261852.305735,0.09997810001368634,0.12560329999541864,False,Sushil,Prose
a,261852.3521091,261852.4519903,0.0998812000034377,0.04637409999850206,False,Sushil,Prose
l,261852.4637322,261852.5339007,0.07016849998035468,0.011741900001652539,False,Sushil,Prose
i,261852.6619809,261852.7367567,0.07477579999249429,0.12808020002557896,False,Sushil,Prose
t,261852.8939625,261852.9697248,0.07576229999540374,0.15720580000197515,False,Sushil,Prose
y,261853.0857952,261853.1776028,0.09180759999435395,0.11607039999216795,False,Sushil,Prose
space,261853.7931507,261853.8822436,0.08909290001611225,0.6155479000008199,False,Sushil,Prose
o,261854.0999963,261854.1738738,0.07387749999179505,0.2177527000021655,False,Sushil,Prose
n,261854.3218219,261854.370091,0.04826909999246709,0.14794809999875724,False,Sushil,Prose
space,261854.515898,261854.5779833,0.06208529998548329,0.14580700002261437,False,Sushil,Prose
t,261854.6096481,261854.6899936,0.08034549999865703,0.03166480001527816,False,Sushil,Prose
h,261854.758472,261854.8362395,0.07776750001357868,0.0684783999749925,False,Sushil,Prose
e,261854.8862483,261854.9911528,0.10490450001088902,0.05000879999715835,False,Sushil,Prose
space,261855.0463604,261855.1357958,0.08943539997562766,0.05520760000217706,False,Sushil,Prose
t,261856.3222553,261856.3917888,0.06953350000549108,1.1864595000224654,False,Sushil,Prose
e,261856.3920211,261856.4857585,0.09373739999136887,0.000232299993513152,False,Sushil,Prose
s,261856.6141323,261856.7001703,0.08603800000855699,0.12837379999109544,False,Sushil,Prose
t,261856.6939167,261856.7418694,0.047952699998859316,0.20815819999552332,False,Sushil,Prose
space,261856.9350357,261857.0158483,0.08081260000471957,0.19316630001412705,False,Sushil,Prose
e,261857.114308,261857.1920604,0.07775240001501516,0.09845969997695647,False,Sushil,Prose
n,261857.3542457,261857.4318496,0.07760389999020845,0.1621852999960538,False,Sushil,Prose
v,261857.6160921,261857.6781459,0.06205379997845739,0.18424250002135523,False,Sushil,Prose
i,261857.8667867,261857.926008,0.05922130000544712,0.18864080001367256,False,Sushil,Prose
r,261858.0799928,261858.1640879,0.0840950999991037,0.15398479998111725,False,Sushil,Prose
o,261858.2120603,261858.2857423,0.07368200001656078,0.04797240000334568,False,Sushil,Prose
n,261858.4540437,261858.5361309,0.08208719998947345,0.16830140000092797,False,Sushil,Prose
e,261858.6302398,261858.712149,0.08190920000197366,0.09410889999708161,False,Sushil,Prose
m,261858.7680378,261858.8240219,0.05598410000675358,0.05588880000868812,False,Sushil,Prose
n,261858.9360978,261859.0138572,0.07775940001010895,0.11207589998957701,False,Sushil,Prose
e,261859.0516811,261859.1338021,0.08212099998490885,0.03782389999832958,False,Sushil,Prose
t,261859.2297497,261859.3081661,0.07841640000697225,0.09594759999890812,False,Sushil,Prose
.,261860.2207933,261860.2975246,0.0767313000105787,0.9126271999848541,False,Sushil,Prose
P,261860.5481255,261860.6322542,0.0841286999930162,0.2506009000062477,False,Sushil,Prose
l,261860.8098269,261860.8879311,0.07810420001624152,0.17757269999128766,False,Sushil,Prose
e,261861.015985,261861.118256,0.10227099998155609,0.12805389999994077,False,Sushil,Prose
a,261861.2596705,261861.4658091,0.206138599984115,0.14141450001625344,False,Sushil,Prose
s,261861.376063,261861.5079493,0.1318862999905832,0.25780700001632795,False,Sushil,Prose
e,261861.6470537,261861.7157937,0.0687399999878835,0.1391044000047259,False,Sushil,Prose
space,261861.7718936,261861.845736,0.0738423999864608,0.056099900015397,False,Sushil,Prose
l,261862.4241539,261862.5039484,0.07979449999402277,0.578417900018394,False,Sushil,Prose
e,261862.5901438,261862.6682284,0.0780846000125166,0.08619539998471737,False,Sushil,Prose
t,261862.7517792,261862.8216528,0.06987359997583553,0.08355080001638271,False,Sushil,Prose
space,261863.0079012,261863.0940989,0.0861977000022307,0.1862484000157565,False,Sushil,Prose
u,261863.2377681,261863.2983984,0.06063029999495484,0.14366919998428784,False,Sushil,Prose
s,261863.4022547,261863.5196147,0.11736000000382774,0.10385630000382662,False,Sushil,Prose
space,261863.5138878,261863.5858029,0.07191509997937828,0.21548940002685413,False,Sushil,Prose
k,261863.7030011,261863.7878494,0.0848483000008855,0.11719819999416359,False,Sushil,Prose
n,261863.8498399,261863.9261827,0.07634279999183491,0.06199050002032891,False,Sushil,Prose
o,261864.0282838,261864.0978345,0.06955069999094121,0.10210109999752603,False,Sushil,Prose
w,261864.1543723,261864.2401102,0.08573789999354631,0.05653780000284314,False,Sushil,Prose
space,261864.3238915,261864.4121908,0.08829929999774322,0.0837813000252936,False,Sushil,Prose
i,261865.4159683,261865.4960376,0.08006930002011359,1.0037774999800604,False,Sushil,Prose
f,261865.5918077,261865.6840511,0.09224339999491349,0.09577009998611175,False,Sushil,Prose
space,261865.7077026,261865.7900987,0.08239610001328401,0.023651499999687076,False,Sushil,Prose
y,261866.0301217,261866.0942067,0.06408500001998618,0.24002299999119714,False,Sushil,Prose
o,261866.2358014,261866.3217978,0.08599639998283237,0.14159469999140128,False,Sushil,Prose
u,261866.4159992,261866.4739121,0.05791289999615401,0.09420140000293031,False,Sushil,Prose
space,261866.6578696,261866.7380516,0.08018200000515208,0.18395750000490807,False,Sushil,Prose
a,261866.8021403,261866.935872,0.133731700014323,0.06408869998995215,False,Sushil,Prose
r,261866.9382594,261866.9900073,0.05174789999728091,0.002387399988947436,False,Sushil,Prose
e,261867.1059667,261867.1779186,0.07195189999765716,0.1159594000200741,False,Sushil,Prose
space,261867.2708891,261867.3298986,0.0590094999934081,0.09297050000168383,False,Sushil,Prose
a,261867.696026,261867.8084172,0.11239120000391267,0.3661273999896366,False,Sushil,Prose
v,261867.8697537,261867.9397665,0.07001279998803511,0.06133650001720525,False,Sushil,Prose
a,261867.995702,261868.092173,0.096471000026213,0.055935499985935166,False,Sushil,Prose
i,261868.1581511,261868.2198859,0.061734799994155765,0.06597809999948367,False,Sushil,Prose
l,261868.3699685,261868.4558998,0.0859313000109978,0.15008259998285212,False,Sushil,Prose
a,261868.548399,261868.6521337,0.1037347000092268,0.09249919999274425,False,Sushil,Prose
b,261868.6556943,261868.7195397,0.06384539999999106,0.0035605999873951077,False,Sushil,Prose
l,261868.8551902,261868.9276017,0.07241150000481866,0.13565050001488999,False,Sushil,Prose
e,261868.9495456,261869.0376476,0.08810200000880286,0.02194389997748658,False,Sushil,Prose
space,261869.0917178,261869.1697742,0.0780564000015147,0.05407020001439378,False,Sushil,Prose
f,261870.7499062,261870.8481252,0.09821899997768924,1.5801320000027772,False,Sushil,Prose
o,261870.8620456,261870.9410197,0.07897410000441596,0.013920400000642985,False,Sushil,Prose
r,261870.9977386,261871.0812854,0.08354679998592474,0.05671890001394786,False,Sushil,Prose
space,261871.118434,261871.2020099,0.08357590000377968,0.0371486000076402,False,Sushil,Prose
a,261871.2681038,261871.3791103,0.11100650002481416,0.06609389997902326,False,Sushil,Prose
space,261871.3714104,261871.4478568,0.076446399994893,0.16940049998811446,False,Sushil,Prose
b,261871.7743276,261871.8440132,0.0696855999995023,0.32647080000606366,False,Sushil,Prose
r,261871.9819313,261872.0559923,0.07406100002117455,0.13791809999383986,False,Sushil,Prose
i,261872.4018914,261872.4760492,0.07415780000155792,0.34589909997885115,False,Sushil,Prose
e,261872.6121035,261872.6963855,0.08428199999616481,0.13605430000461638,False,Sushil,Prose
f,261873.0919056,261873.1617104,0.06980479997582734,0.3955201000208035,False,Sushil,Prose
space,261873.2559952,261873.3378866,0.08189140001195483,0.09428479999769479,False,Sushil,Prose
d,261873.9639858,261874.0780408,0.11405500001274049,0.6260991999879479,False,Sushil,Prose
e,261874.1600271,261874.2678665,0.10783940000692382,0.08198630000697449,False,Sushil,Prose
m,261874.3363358,261874.4119725,0.07563669999944977,0.0684692999930121,False,Sushil,Prose
o,261874.5299291,261874.5879691,0.05803999997442588,0.11795660000643693,False,Sushil,Prose
n,261874.7179647,261874.8038744,0.08590970002114773,0.12999560000025667,False,Sushil,Prose
s,261874.8457379,261874.9280641,0.08232620000489987,0.041863499995088205,False,Sushil,Prose
t,261874.9941519,261875.0697824,0.07563050001044758,0.06608779999078251,False,Sushil,Prose
a,261875.0881126,261875.1884921,0.10037949998513795,0.0183301999932155,False,Sushil,Prose
r,261875.2137577,261875.2856048,0.07184710001456551,0.02526560000842437,False,Sushil,Prose
t,261877.6639697,261877.7418496,0.07787989999633282,nan,True,Sushil,Prose
i,261877.8120073,261878.0037927,0.19178540000575595,0.07015770001453348,False,Sushil,Prose
o,261877.8397146,261878.0340043,0.1942896999826189,0.09786500001791865,False,Sushil,Prose
n,261878.2759634,261878.3277429,0.05177950000506826,0.24195910000707954,False,Sushil,Prose
space,261879.9579015,261880.0678242,0.10992270000861026,1.6301585999899544,False,Sushil,Prose
t,261880.3220651,261880.408247,0.08618190002744086,0.2542408999870531,False,Sushil,Prose
h,261880.4524006,261880.5339011,0.08150049997493625,0.04415359999984503,False,Sushil,Prose
i,261880.6303601,261880.7081235,0.07776339998235926,0.09645900002215058,False,Sushil,Prose
s,261880.7518765,261880.8401325,0.08825599998817779,0.04375300000538118,False,Sushil,Prose
space,261880.9061733,261880.9961332,0.08995990001130849,0.06604080001125112,False,Sushil,Prose
T,261808.5900541,261881.2779539,72.68789979998837,0.2860497999936342,False,Sushil,Prose
h,261881.4599911,261881.545839,0.0858478999871295,0.18203720002202317,False,Sushil,Prose
u,261881.9361896,261882.011838,0.07564840000122786,0.3903506000060588,False,Sushil,Prose
r,261882.1449076,261882.2159368,0.07102919998578727,0.1330696000077296,False,Sushil,Prose
s,261882.4778919,261882.563883,0.08599110000068322,0.261955099995248,False,Sushil,Prose
d,261882.9582493,261883.0241035,0.06585420001647435,0.39436629999545403,False,Sushil,Prose
a,261883.2920115,261883.3901133,0.09810180001659319,0.26790799997979775,False,Sushil,Prose
y,261883.416009,261883.4901011,0.07409209999605082,0.02589570000418462,False,Sushil,Prose
space,261884.0500823,261884.139945,0.0898626999987755,0.5599812000000384,False,Sushil,Prose
a,261884.4557695,261884.531832,0.07606250001117587,0.3158244999940507,False,Sushil,Prose
t,261884.6499489,261884.7098961,0.05994719997397624,0.11811690000467934,False,Sushil,Prose
space,261884.9319064,261885.0219801,0.09007370000472292,0.22201029999996535,False,Sushil,Prose
1,261885.2340678,261885.3383358,0.10426800002460368,0.2120876999979373,False,Sushil,Prose
0,261885.414175,261885.4900386,0.07586359998094849,0.07583919999888167,False,Sushil,Prose
.,261886.3301868,261886.4039531,0.07376629998907447,0.8401482000190299,False,Sushil,Prose
3,261886.7100647,261886.7960796,0.08601490000728518,0.30611159998807125,False,Sushil,Prose
0,261886.8700446,261886.9621313,0.09208670002408326,0.07396499998867512,False,Sushil,Prose
A,261887.9221139,261888.0540063,0.1318924000079278,0.9599825999757741,False,Sushil,Prose
M,261888.8401002,261888.9000116,0.05991139999241568,0.7860939000092912,False,Sushil,Prose
.,261889.3238744,261889.4000482,0.0761738000146579,0.4238628000020981,False,Sushil,Prose
enter,261890.0245014,261890.1682025,0.14370109999435954,0.6244531999982428,False,Sushil,Prose
B,261890.4758386,261890.5599252,0.08408660002169199,0.30763609998393804,False,Sushil,Prose
e,261890.8477446,261890.9541879,0.10644329999922775,0.2878193999931682,False,Sushil,Prose
s,261891.1040447,261891.2059145,0.10186979998252355,0.14985680000972934,False,Sushil,Prose
t,261891.2661286,261891.3440867,0.0779581000097096,0.06021409999812022,False,Sushil,Prose
space,261891.5442093,261891.6241014,0.07989210000960156,0.20012259998475201,False,Sushil,Prose
r,261891.8240604,261891.8781226,0.05406220001168549,0.1999589999904856,False,Sushil,Prose
e,261891.9283676,261891.9998944,0.07152680002036504,0.050244999991264194,False,Sushil,Prose
g,261892.0941587,261892.1857962,0.091637500008801,0.09426429998711683,False,Sushil,Prose
a,261892.2260959,261892.3380065,0.1119106000114698,0.04029969999101013,False,Sushil,Prose
r,261892.3739476,261892.4319247,0.0579771000193432,0.03594109998084605,False,Sushil,Prose
d,261892.5561352,261892.626155,0.07001980001223274,0.12421049998374656,False,Sushil,Prose
",",261893.3418245,261893.4200715,0.07824699999764562,0.7156695000012405,False,Sushil,Prose
enter,261894.0983035,261894.2380788,0.13977529999101534,0.6782320000056643,False,Sushil,Prose
T,261894.5444114,261894.6182044,0.07379299998865463,0.30633260001195595,False,Sushil,Prose
e,261894.8860008,261894.9739204,0.0879195999877993,0.2677964000031352,False,Sushil,Prose
a,261895.1238953,261895.238527,0.11463170000934042,0.14997490000678226,False,Sushil,Prose
m,261895.2458042,261895.2999384,0.054134200006956235,0.007277199998497963,False,Sushil,Prose
space,261895.4357558,261895.5260651,0.0903093000233639,0.13581739997607656,False,Sushil,Prose
A,261895.8159715,261895.9320196,0.11604809999698773,0.2899063999939244,False,Sushil,Prose
-,261896.0621672,261896.1341292,0.07196200001635589,0.13014759999350645,False,Sushil,Prose
6,261896.5399095,261896.6081056,0.0681961000082083,0.4057802999741398,False,Sushil,Prose
enter,261897.8858922,261898.0519769,0.16608470000210218,1.277786599996034,False,Sushil,Prose
